"ts","category","detail"
"2025-08-16 21:04:53","Boot","Application started"
"2025-08-16 21:05:39","Note","Ensure data pipeline is understood"
"8/16/2025 8:42:14 PM",,"Application started"
"8/16/2025 8:43:08 PM",,"ensure schema is not going to create issues "
"8/16/2025 8:44:58 PM",,"look at the PDF Generator with Jefferon"
"8/16/2025 8:48:37 PM",,"Application exit requested"
"2025-08-16 21:08:55","Note","check the Azure Log for Garrison Co."
"2025-08-16 21:09:09","Action","Exit selected"
"2025-08-16 21:11:22","Boot","Application started"
"2025-08-16 21:14:14","Action","Exit selected"
"2025-08-16 21:17:32","Boot","Application started"
"2025-08-16 21:17:56","Action","Exit selected"
"2025-08-16 21:18:03","Boot","Application started"
"2025-08-16 21:19:34","Action","Exit selected"
"2025-08-16 21:21:14","Boot","Application started"
"2025-08-16 21:22:01","Security","Make Authentication token for GPT for Azure DevOps Stories"
"2025-08-16 21:22:35","Action","Send email to Infrastructure for new monitor"
"2025-08-16 21:22:53","Action","Exit selected"
"2025-08-16 22:06:24","Note","make new branch feature/dibelSummary"
,,
,,
,,
,,
,,
